first_name,resides,fav_color,avg_hours,apps,siblings,work_hours,hwk_hours,books_per_month
Petra,France,Violet,8,36,4,10,6,8
Katherina,Lithuania,Puce,1,96,4,17,20,6
Portia,Russia,Blue,9,6,4,10,14,10
Dannye,Russia,Turquoise,7,74,3,17,19,2
Jonie,United States,Fuscia,2,28,3,20,4,8
Jud,Indonesia,Pink,9,73,3,0,1,6
Denni,Peru,Mauv,7,53,3,39,5,3
Keelby,South Africa,Green,3,47,2,13,1,6
Isac,Japan,Khaki,10,4,3,35,5,1
Iggy,Portugal,Crimson,7,97,2,5,15,5
Randi,Czech Republic,Red,4,83,5,16,9,9
Starlene,France,Maroon,4,33,2,25,1,8
Tawsha,Indonesia,Turquoise,3,92,3,5,18,3
Tiphanie,China,Goldenrod,10,71,5,13,1,4
Harvey,Indonesia,Indigo,10,34,4,36,1,5
Helga,Canada,Violet,4,14,3,10,20,6
Clari,Indonesia,Goldenrod,3,89,1,22,7,5
Nicoline,Philippines,Turquoise,8,73,4,38,12,9
Zora,Greece,Orange,8,12,4,34,19,9
Herb,Russia,Maroon,8,52,1,0,16,3
Ilene,China,Teal,2,62,1,5,9,3
Niven,Japan,Teal,2,69,3,3,1,7
Corinna,Gabon,Maroon,5,23,2,2,13,9
Kelcey,Tunisia,Mauv,2,45,2,1,18,5
Yance,Indonesia,Aquamarine,9,78,2,2,17,9
Sophie,Zambia,Mauv,3,18,5,17,1,2
Shae,Guatemala,Red,1,26,4,5,11,4
Connor,Brazil,Turquoise,2,83,5,12,13,1
Cariotta,Peru,Aquamarine,1,20,2,38,6,8
Shanan,Poland,Blue,4,87,5,0,12,10
Jacklin,Portugal,Crimson,2,32,2,6,3,7
Marilin,Central African Republic,Maroon,8,50,1,26,16,8
Leone,Indonesia,Blue,9,34,5,7,7,2
Adriane,Sweden,Goldenrod,10,94,5,10,12,9
Beatrice,China,Green,10,3,2,38,15,10
Claybourne,Brazil,Turquoise,10,5,4,18,14,7
Cordie,China,Red,6,55,4,30,17,7
Jayme,Russia,Khaki,4,3,2,7,12,6
Kirsten,Japan,Orange,2,97,4,39,12,3
Kristy,Cameroon,Mauv,1,92,4,25,17,10
Osmond,Philippines,Puce,8,78,1,2,9,3
Yehudit,Albania,Puce,2,30,2,16,20,5
Odessa,Indonesia,Maroon,10,12,2,1,2,1
Virginie,Indonesia,Fuscia,8,81,5,7,11,1
Donni,China,Khaki,7,12,4,3,13,8
Cathrine,Honduras,Pink,6,49,4,32,14,1
Hatty,Peru,Yellow,10,20,2,19,4,3
Sloan,New Caledonia,Green,1,12,4,3,19,3
Shelli,Japan,Goldenrod,10,68,5,38,18,9
Matilda,Indonesia,Pink,6,48,3,20,5,7
Clerc,France,Mauv,10,12,4,9,5,8
Niki,Poland,Khaki,6,40,3,15,20,1
Kristy,Poland,Blue,6,62,4,17,10,6
Helen,Chile,Fuscia,3,17,1,9,18,6
Tybi,Sweden,Goldenrod,9,38,3,27,1,10
Alexina,Canada,Pink,10,14,2,11,12,5
Grace,Morocco,Crimson,8,60,4,0,20,1
Keenan,France,Fuscia,10,75,2,3,12,5
Sampson,Poland,Fuscia,2,99,3,21,8,3
Jean,Indonesia,Teal,8,52,2,32,10,7
Ellwood,China,Crimson,3,17,2,11,14,1
Terry,Philippines,Pink,3,5,5,17,13,6
Ashlee,Russia,Turquoise,4,78,2,12,9,6
Tori,Brazil,Pink,5,26,1,7,12,1
Stephanie,China,Violet,8,49,4,12,14,2
Hynda,Poland,Khaki,7,95,1,1,10,2
Taffy,Japan,Orange,3,59,5,3,20,3
Cort,China,Mauv,3,67,4,37,11,7
Dee dee,Ethiopia,Khaki,1,34,5,29,15,3
Chad,Panama,Purple,2,44,5,9,6,5
Hillel,Russia,Crimson,1,51,5,23,7,8
Morna,Canada,Blue,3,55,2,8,15,8
Tierney,Ukraine,Yellow,7,95,4,36,3,10
Hilliard,Russia,Crimson,9,15,1,7,3,10
Rockie,Armenia,Red,8,24,1,16,6,2
Juliane,Indonesia,Purple,6,67,1,15,16,3
Arne,Brazil,Maroon,1,16,2,0,16,2
Sarene,Philippines,Puce,4,25,1,4,3,8
Codi,Libya,Violet,10,80,3,7,16,8
Genni,Thailand,Aquamarine,9,61,4,27,5,9
Camey,China,Red,4,34,4,37,20,2
Thorsten,China,Turquoise,5,77,5,4,12,9
Gena,Madagascar,Blue,9,72,3,5,13,10
Euell,Mexico,Pink,8,69,2,32,16,3
Janeczka,Brazil,Maroon,10,82,1,16,8,6
Kaila,Peru,Purple,1,54,2,13,9,1
Estrella,Uganda,Yellow,10,29,5,29,13,8
Wiley,Albania,Orange,4,100,3,30,11,4
Sigfried,Indonesia,Khaki,1,46,3,5,9,5
Brett,Ukraine,Teal,8,39,2,6,5,5
Jehanna,Macedonia,Khaki,1,99,5,6,4,1
Dall,China,Aquamarine,4,70,1,37,3,7
Ware,Mauritania,Yellow,10,65,2,21,18,6
Emmalynne,Finland,Goldenrod,10,90,3,0,17,2
Scott,Philippines,Maroon,2,38,4,38,15,5
Xever,France,Aquamarine,9,97,1,31,10,4
Adina,Malaysia,Blue,5,62,1,25,16,6
Kalvin,Philippines,Crimson,3,52,3,20,3,10
Bird,Poland,Green,6,6,5,14,10,4
Anallise,China,Goldenrod,2,26,2,12,11,2
Pietrek,Ukraine,Teal,10,60,1,10,19,10
Bo,Ukraine,Yellow,8,16,4,18,18,6
Agata,Bulgaria,Teal,8,54,1,38,4,4
Ailey,Macedonia,Aquamarine,3,56,1,40,15,9
Dennie,China,Green,5,81,5,25,9,5
Colline,China,Aquamarine,2,64,5,12,2,4
Gard,Argentina,Khaki,1,26,5,23,9,6
Eugenia,China,Khaki,3,32,4,33,14,3
Kalila,Brazil,Yellow,2,56,5,31,12,2
Jolie,Sweden,Orange,2,87,2,0,4,5
Rex,China,Indigo,9,91,3,12,3,5
Ernestine,Portugal,Green,6,1,2,39,20,2
Tommie,Thailand,Purple,3,5,4,25,12,4
Gabey,France,Khaki,6,62,1,11,18,4
Janeva,Indonesia,Green,1,95,1,36,19,9
Marika,Portugal,Crimson,10,42,3,38,9,6
Verna,Indonesia,Puce,10,42,1,3,5,5
Dolli,Benin,Crimson,1,84,3,18,3,2
Diane,Philippines,Fuscia,9,2,3,36,6,5
Kizzie,Philippines,Goldenrod,5,18,2,33,20,9
Andre,Bosnia and Herzegovina,Goldenrod,2,70,5,35,7,2
Bertina,Egypt,Yellow,4,82,2,29,20,10
Cristine,Brazil,Blue,3,2,4,26,12,10
Melisse,Argentina,Maroon,3,93,2,28,19,7
Sibilla,Philippines,Goldenrod,3,32,1,23,4,9
Dulcy,Laos,Yellow,3,86,4,17,9,1
Crissy,China,Orange,5,32,2,35,1,9
Elie,China,Crimson,1,99,1,29,8,1
Leesa,China,Purple,6,66,2,20,13,9
Tan,Philippines,Blue,1,62,5,18,6,10
Nathalia,China,Puce,5,70,3,39,15,4
Roselia,Comoros,Maroon,4,53,2,37,12,5
Rosalinda,China,Red,3,77,4,7,1,8
Marsh,Sri Lanka,Fuscia,6,62,2,13,11,3
Linoel,Russia,Teal,1,13,3,32,3,10
Mikey,Ukraine,Goldenrod,6,35,3,19,1,3
Talya,Serbia,Pink,8,28,2,8,12,2
Lexi,Greece,Blue,1,43,4,27,2,5
Doug,Indonesia,Indigo,7,21,1,7,12,7
Reidar,Kazakhstan,Violet,3,6,5,32,8,8
Brietta,French Polynesia,Turquoise,7,12,1,4,6,10
Ernaline,Poland,Pink,4,20,4,33,16,8
Elias,China,Blue,1,75,3,25,6,7
Magda,Indonesia,Red,5,63,4,8,19,3
Rowan,Peru,Violet,5,36,4,28,14,9
Clerkclaude,Marshall Islands,Green,8,65,1,12,2,6
Stillman,Indonesia,Mauv,2,3,3,23,7,8
Estrellita,Brazil,Indigo,4,90,2,39,11,6
Doro,Tanzania,Crimson,5,54,1,37,1,6
Myron,Canada,Yellow,7,50,4,14,7,7
Nicolas,Israel,Blue,6,98,3,7,8,3
Hulda,China,Fuscia,2,20,2,15,6,7
Idell,Czech Republic,Purple,3,21,5,34,14,8
Darryl,Greece,Khaki,3,67,3,7,14,1
Devland,Poland,Khaki,10,55,5,11,18,5
Marja,Russia,Purple,4,3,1,3,7,7
Donny,Namibia,Orange,8,13,5,12,9,5
Roxanna,Morocco,Turquoise,5,46,1,3,8,8
Luella,Portugal,Khaki,4,44,2,26,1,7
Celine,United States,Teal,6,96,3,27,8,1
Arte,Peru,Violet,6,86,2,34,8,10
Olwen,China,Khaki,10,97,3,17,13,1
Chryste,Philippines,Violet,5,92,4,4,15,2
Matthieu,Sweden,Indigo,4,98,2,32,14,7
Micki,Philippines,Yellow,1,13,5,12,14,9
Yul,Chile,Purple,3,13,3,27,9,8
Leandra,Haiti,Fuscia,9,92,2,11,4,8
Ken,Russia,Green,10,17,2,25,1,7
Sancho,Brazil,Khaki,9,99,2,37,16,1
Cleon,Germany,Blue,4,82,5,33,5,9
Klemens,Japan,Crimson,10,55,4,14,2,9
Ronny,Brazil,Teal,10,9,4,17,9,2
Roobbie,Argentina,Violet,1,28,2,23,11,3
Lukas,Russia,Purple,6,80,2,7,11,6
Blaire,Sweden,Blue,2,49,2,29,19,5
Carla,Colombia,Violet,1,61,1,21,11,1
Kerby,Yemen,Teal,7,73,1,15,13,9
Nataniel,Dominican Republic,Indigo,3,39,3,9,13,1
Cullin,Ukraine,Khaki,7,43,2,13,4,1
Kessiah,United States,Orange,9,47,3,0,9,8
Brook,Philippines,Blue,6,76,3,18,13,1
Myrtia,United States,Turquoise,5,33,1,32,11,4
Charis,Cuba,Orange,9,81,1,20,17,6
Shayne,Russia,Turquoise,4,67,3,30,17,6
Darell,Philippines,Red,2,17,1,7,20,9
Helen,Poland,Indigo,9,83,3,19,7,6
Selma,Papua New Guinea,Maroon,3,45,1,7,14,3
Karleen,Germany,Yellow,10,32,2,6,6,7
Sherrie,Ireland,Goldenrod,1,33,1,11,13,10
Arri,Nigeria,Orange,9,68,5,5,3,7
Martguerita,China,Maroon,10,10,2,14,7,1
Beret,Indonesia,Crimson,8,15,3,28,11,5
Hartwell,China,Red,5,27,5,24,10,9
Bord,China,Puce,9,79,2,2,14,5
Ron,Philippines,Fuscia,9,56,2,10,9,2
Jemima,Brazil,Red,10,66,1,12,13,5
Cyrillus,Nicaragua,Khaki,8,83,3,8,2,7
Kenton,Philippines,Violet,9,26,2,8,8,9
Tina,Philippines,Purple,9,91,2,19,2,3
Ann,Brazil,Crimson,10,96,4,19,13,8
Wanda,China,Crimson,1,79,3,26,20,1
Dennis,New Zealand,Violet,8,39,2,5,17,3
Barbee,Burundi,Puce,1,45,1,5,19,8
Tomlin,Djibouti,Green,5,44,5,8,1,7
Natala,Russia,Yellow,9,28,2,31,9,10
Corri,Croatia,Violet,8,8,4,34,8,1
Whitby,China,Crimson,8,18,1,30,15,3
Pearle,Russia,Violet,6,97,3,36,3,5
Amelie,Russia,Red,10,55,5,20,10,1
Currie,Czech Republic,Green,5,81,5,17,4,6
Babb,China,Purple,3,68,3,5,4,5
Briney,China,Mauv,3,91,5,36,1,2
Jacynth,Portugal,Yellow,2,50,3,34,2,3
Deena,Sierra Leone,Crimson,9,96,3,19,13,4
Heather,China,Puce,7,20,1,37,1,9
Pebrook,Russia,Red,7,36,1,13,1,9
Vernen,Comoros,Yellow,9,18,1,11,18,8
Stoddard,Ukraine,Pink,7,3,4,16,2,8
Sergio,China,Red,9,39,2,0,7,1
Tammy,Philippines,Teal,7,24,4,0,5,3
Burl,Vietnam,Turquoise,3,20,2,28,14,9
Nathaniel,Guatemala,Khaki,7,75,4,13,6,10
Pinchas,France,Purple,7,41,5,12,2,6
Shawnee,Comoros,Blue,7,60,3,37,18,1
Tynan,Sri Lanka,Puce,8,81,5,23,18,2
Cissy,Azerbaijan,Fuscia,2,52,5,18,8,7
Zarla,China,Orange,9,75,1,40,7,7
Giordano,Mexico,Violet,4,23,4,4,9,5
Nikki,Pakistan,Fuscia,7,77,4,13,7,10
Karylin,China,Fuscia,4,60,2,20,2,6
Samuele,Jamaica,Goldenrod,5,94,3,28,15,2
Gates,China,Orange,1,60,5,4,3,10
Nathalie,Albania,Red,3,34,3,36,6,1
Faber,Brazil,Fuscia,9,62,1,22,13,7
Ramonda,Honduras,Khaki,10,82,2,33,20,4
Ronalda,China,Orange,1,83,1,29,18,7
Harmonia,Poland,Violet,8,90,5,15,3,9
Jacky,Peru,Crimson,5,65,5,7,16,10
Padget,Russia,Maroon,3,14,4,25,7,9
Randie,Sweden,Green,3,60,3,23,15,7
Cynthy,Poland,Yellow,9,64,5,3,1,9
Camila,Syria,Violet,8,69,4,9,2,5
Carina,Thailand,Red,7,88,3,14,1,8
Darius,China,Maroon,1,15,4,1,19,8
Kaitlyn,Indonesia,Aquamarine,7,15,2,15,14,4
Svend,Indonesia,Indigo,10,4,3,10,10,3
Sile,France,Orange,2,4,4,1,5,7
Ev,Peru,Khaki,8,9,1,16,11,8
Ardelle,Malaysia,Blue,7,99,5,21,5,10
Hedwiga,Portugal,Violet,7,86,1,18,4,8
Minor,Philippines,Mauv,5,57,4,6,2,6
Hodge,Colombia,Orange,7,99,2,13,6,5
Jill,Spain,Purple,2,55,1,16,16,2
Mar,Portugal,Teal,7,11,5,19,20,8
Florence,Philippines,Yellow,8,5,2,21,2,3
Cecilla,Ukraine,Turquoise,3,22,1,24,14,3
Buck,Greece,Mauv,6,10,1,22,9,1
Claudette,China,Crimson,3,28,1,8,4,6
Claus,Brazil,Yellow,6,81,5,4,20,8
Faustina,Peru,Pink,1,26,4,10,7,6
Coreen,China,Green,4,99,5,22,17,2
Helsa,Indonesia,Orange,2,19,5,26,8,2
Quinlan,Nigeria,Orange,5,81,1,26,10,5
Shantee,United States,Crimson,4,65,4,0,3,9
Eliza,Thailand,Red,1,100,2,10,2,9
Chris,Indonesia,Green,1,19,2,31,6,9
Zed,Russia,Fuscia,9,34,5,29,5,5
Dulcie,Dominican Republic,Pink,5,37,2,28,11,10
Oby,Mauritius,Pink,7,11,1,28,15,4
Cad,Chile,Crimson,9,53,4,25,5,9
Felizio,Russia,Pink,9,68,5,22,11,10
Shirlene,China,Mauv,1,96,3,39,11,8
Beryl,Ukraine,Fuscia,5,42,1,5,16,6
Theresa,China,Fuscia,6,45,5,4,14,10
Mick,Russia,Maroon,5,47,3,28,3,5
Min,China,Crimson,10,89,2,20,12,8
Giff,Indonesia,Teal,10,55,3,3,15,2
Tabbi,Ireland,Goldenrod,9,50,3,23,9,8
Locke,China,Yellow,3,46,1,24,5,3
Ruprecht,Portugal,Indigo,3,81,2,9,8,10
Kellsie,Thailand,Green,7,90,1,25,7,9
Hamel,Sweden,Khaki,9,95,2,2,1,8
Forbes,China,Orange,5,47,3,20,18,4
Wallache,France,Turquoise,6,8,2,15,11,9
Shirline,Brazil,Puce,3,98,5,39,1,10
Crichton,Liberia,Mauv,3,21,3,26,17,6
Kingsly,Argentina,Pink,7,96,4,38,12,5
Debor,Hungary,Yellow,7,52,2,28,7,8
Lulu,Poland,Blue,2,92,2,24,9,1
Ashlen,Mozambique,Maroon,6,54,2,9,2,7
Krystal,Russia,Fuscia,8,92,1,26,7,5
Ky,China,Turquoise,5,51,2,19,10,5
Jorry,Costa Rica,Blue,8,67,5,25,15,7
Randy,Indonesia,Maroon,3,25,4,21,5,5
Kerri,Brazil,Blue,2,1,3,31,20,2
Gael,Philippines,Blue,8,73,1,27,5,1
Talbot,Ghana,Indigo,5,24,3,13,15,5
Hillie,China,Violet,3,32,5,38,15,4
Mose,Poland,Goldenrod,5,16,3,34,11,8
Celie,Portugal,Mauv,1,2,2,27,1,7
Janis,Indonesia,Indigo,9,6,5,19,15,5
Janie,United States,Aquamarine,1,9,4,21,1,8
Ronny,Brazil,Indigo,5,20,3,24,15,10
Cornall,Belarus,Puce,5,30,1,12,10,4
Stephani,Argentina,Yellow,9,70,5,9,13,10
Gratia,Indonesia,Turquoise,6,37,5,39,1,4
Blanca,Indonesia,Yellow,4,59,1,26,6,5
Karin,Indonesia,Yellow,7,28,3,31,6,7
Johna,Benin,Crimson,7,12,3,26,12,2
Batsheva,Ukraine,Green,1,51,3,25,12,10
Laurens,Pakistan,Khaki,3,31,4,11,1,6
Obadiah,Mexico,Mauv,1,7,5,24,20,7
Noby,Indonesia,Violet,10,36,2,29,1,5
Washington,Japan,Crimson,10,9,2,39,13,6
Maddalena,Pakistan,Fuscia,7,84,1,10,14,10
Oby,Philippines,Indigo,2,56,4,13,18,7
Urbanus,China,Turquoise,5,88,5,40,15,9
Faythe,Indonesia,Maroon,1,10,3,36,4,9
Dorri,Indonesia,Red,2,79,2,16,1,2
Symon,Brazil,Khaki,3,48,4,6,13,10
Quint,Brazil,Orange,2,67,2,35,10,2
Justin,Switzerland,Blue,6,63,3,29,18,10
Lishe,China,Green,4,28,2,4,14,1
Lon,Poland,Red,8,67,1,35,10,8
Hector,Sweden,Crimson,6,71,2,37,4,4
Farrand,Philippines,Violet,7,89,5,40,10,8
Blanca,France,Crimson,6,56,3,9,2,9
Gabie,Cameroon,Khaki,1,52,1,24,10,6
Ulrikaumeko,China,Turquoise,9,31,2,34,2,8
Brett,Argentina,Orange,9,52,2,8,8,8
Pippa,Thailand,Violet,1,36,1,12,5,10
Maryjane,United States,Aquamarine,6,46,4,24,2,7
Cart,Serbia,Mauv,5,20,2,33,13,9
Kiley,Indonesia,Yellow,10,43,2,2,10,2
Illa,Colombia,Mauv,2,75,5,23,6,6
Mellie,China,Red,4,17,3,3,2,10
Kathleen,Poland,Indigo,10,6,5,15,13,8
Hermione,China,Red,3,96,5,16,14,1
Irvine,Philippines,Purple,3,67,2,33,11,1
Melany,Russia,Puce,6,45,2,16,12,8
Silvain,Czech Republic,Yellow,2,97,4,16,13,2
Adrien,United States,Puce,7,91,2,39,9,8
Courtney,China,Indigo,2,17,3,35,2,2
Elisha,Poland,Aquamarine,4,85,3,21,3,6
Anjanette,Brazil,Yellow,10,44,1,31,8,2
Reinhard,Germany,Aquamarine,8,54,5,39,13,2
Vi,China,Mauv,6,3,4,21,5,1
Alvira,China,Purple,10,14,3,29,1,3
Shaine,Philippines,Maroon,9,63,4,39,14,7
Reidar,Russia,Indigo,9,78,4,1,1,10
Donetta,Philippines,Mauv,1,82,5,1,11,4
Aurie,China,Maroon,8,96,3,6,10,3
Ava,China,Yellow,9,30,1,5,3,7
Bryon,China,Aquamarine,4,55,2,21,18,2
Jessa,Greece,Yellow,4,2,1,37,4,1
Cahra,Poland,Green,3,80,4,34,4,3
Georgi,Poland,Aquamarine,4,11,2,14,19,10
Kristos,Colombia,Indigo,5,47,5,7,7,8
Rodolph,Russia,Orange,3,9,5,30,6,5
Clerkclaude,China,Red,3,46,1,4,20,10
Valina,China,Red,6,94,5,9,9,6
Haleigh,Nepal,Teal,7,28,3,40,9,6
Kristen,Czech Republic,Aquamarine,3,3,3,40,4,9
Kristina,China,Pink,5,60,4,19,2,5
Milton,China,Blue,1,79,2,36,10,5
Bianka,Philippines,Purple,1,89,5,8,13,1
Issi,Japan,Purple,1,55,3,0,16,5
Kain,France,Fuscia,2,2,5,35,17,8
Brocky,Brazil,Goldenrod,5,69,4,25,8,4
Melvin,Guatemala,Purple,9,23,3,36,3,1
Zerk,Jamaica,Crimson,4,20,1,2,8,9
Laryssa,China,Aquamarine,5,30,4,12,14,9
Livvie,Sweden,Indigo,4,32,4,11,19,8
Marnie,Malaysia,Blue,8,90,3,38,18,1
Taite,China,Orange,7,88,3,39,7,1
Garry,Peru,Teal,6,54,3,38,4,9
Donnell,Indonesia,Aquamarine,2,16,5,18,9,6
Cloe,China,Turquoise,5,58,3,10,8,3
Blinni,Serbia,Indigo,5,14,5,19,13,10
Matt,Netherlands,Violet,3,76,2,16,10,6
Bondon,Hungary,Orange,1,89,1,35,5,7
Corrianne,Philippines,Indigo,10,75,4,27,17,8
Dag,Luxembourg,Maroon,5,22,2,16,20,8
Pattin,Russia,Green,3,44,2,16,5,7
Blanca,China,Yellow,6,78,3,8,20,4
Jehu,China,Maroon,6,49,2,35,19,2
Konstanze,China,Turquoise,9,85,4,35,12,10
Barnabas,Thailand,Teal,1,16,3,7,6,2
Hebert,Peru,Teal,6,8,5,38,18,7
Oberon,Yemen,Orange,7,55,5,5,3,9
Nolly,United States,Pink,2,84,1,7,11,10
Victoria,Portugal,Khaki,6,87,3,22,8,8
Lindsay,Colombia,Crimson,9,88,3,7,18,2
Grier,Indonesia,Green,10,41,1,30,2,3
Carmine,Brazil,Orange,9,69,2,2,18,6
Mirella,Benin,Pink,6,49,2,7,1,6
Linc,China,Mauv,4,37,3,2,11,3
Janie,Poland,Blue,10,11,3,35,18,9
Robert,Denmark,Violet,5,43,2,32,9,5
Bennie,Ethiopia,Crimson,9,27,3,34,6,6
Corilla,Georgia,Indigo,7,55,1,3,20,3
Allene,Poland,Mauv,7,19,5,19,13,3
Shamus,Poland,Aquamarine,7,18,2,38,6,2
Flin,Thailand,Goldenrod,10,89,2,13,4,2
Germaine,Indonesia,Orange,7,67,1,7,7,7
Anissa,China,Fuscia,9,75,1,7,17,4
Ignacius,Russia,Purple,4,21,5,11,6,10
Marni,Russia,Purple,6,67,1,13,14,3
Tommy,Tajikistan,Orange,3,57,1,39,8,4
Benedikta,Peru,Khaki,10,63,5,21,15,10
Barbi,China,Khaki,5,38,4,31,12,10
Celestine,Japan,Orange,4,2,4,22,1,9
Essie,Comoros,Maroon,8,37,2,30,17,4
Costa,United States,Red,5,100,4,10,6,3
Malynda,United States,Pink,8,8,5,5,8,6
Doti,Czech Republic,Indigo,5,80,3,12,4,3
Berton,China,Aquamarine,2,9,2,1,8,4
Barn,Albania,Aquamarine,9,40,5,40,1,6
Annemarie,Lithuania,Fuscia,10,20,2,13,12,7
Pieter,China,Yellow,4,54,1,18,19,1
Malachi,China,Goldenrod,4,51,3,33,11,8
Ingram,Japan,Teal,2,28,3,34,20,4
Dalila,China,Red,8,43,5,1,20,2
Faber,Bulgaria,Puce,10,36,3,13,20,2
Flori,China,Blue,2,83,3,24,14,3
Sly,Georgia,Turquoise,5,2,3,13,8,5
Terencio,Sweden,Indigo,3,64,5,35,6,6
Paloma,Russia,Aquamarine,9,38,1,20,8,4
Bud,Armenia,Mauv,3,71,4,11,1,4
Hyacintha,United States,Maroon,5,2,4,21,5,1
Antonina,China,Puce,10,71,3,9,8,4
Lenci,Sweden,Fuscia,8,73,2,13,1,3
Anton,United Kingdom,Puce,8,1,4,29,18,5
Erhard,Mali,Indigo,1,15,2,14,15,5
Nada,Indonesia,Indigo,8,49,4,12,2,6
Aloin,Mexico,Puce,6,95,4,21,7,10
La verne,Philippines,Khaki,7,39,5,28,5,9
Shelley,Vietnam,Puce,7,29,4,38,20,2
Norris,Ukraine,Mauv,5,93,2,25,18,9
Lindy,Colombia,Mauv,5,12,5,4,15,10
Gaynor,Indonesia,Turquoise,10,82,4,23,9,7
Corbett,Czech Republic,Mauv,2,83,5,37,14,1
Sydney,China,Indigo,7,36,3,17,15,6
Sibley,Albania,Fuscia,9,73,1,15,9,2
Gun,Russia,Orange,3,77,4,22,20,5
Kinnie,Brazil,Violet,5,89,2,16,12,2
Yule,Indonesia,Green,7,4,4,28,2,8
Germain,China,Indigo,5,80,1,4,16,6
Graehme,China,Yellow,10,24,4,9,10,8
Carlin,Moldova,Turquoise,8,84,2,4,1,4
Pietra,Brazil,Violet,4,91,5,10,11,9
Corbet,Poland,Goldenrod,4,37,4,16,1,6
Janek,South Africa,Orange,10,88,2,27,14,9
Ediva,Philippines,Fuscia,10,25,2,10,18,7
Gerry,Russia,Indigo,5,27,5,0,3,6
Micki,China,Yellow,10,22,1,7,2,5
Kendell,China,Turquoise,8,44,5,12,6,7
Trenna,France,Puce,9,69,3,18,9,1
Ferrell,Indonesia,Violet,9,13,5,38,9,10
Damiano,Afghanistan,Crimson,8,27,2,28,4,2
Marchelle,Indonesia,Yellow,1,76,3,19,1,1
Schuyler,Philippines,Khaki,8,94,5,36,4,10
Clemente,China,Mauv,4,88,3,1,18,1
Otha,China,Indigo,10,56,5,11,4,1
Federica,China,Indigo,10,27,4,17,17,9
Lukas,Bolivia,Green,1,68,3,38,17,2
Lyndsay,Cuba,Red,8,100,4,19,12,4
Conway,China,Crimson,1,73,3,15,19,10
Pieter,Chile,Teal,8,63,3,26,20,6
Ashely,China,Maroon,7,20,1,3,20,8
Thorndike,Niger,Yellow,1,46,1,14,3,10
Kristofer,Malaysia,Blue,10,92,2,27,17,10
Silvan,United States,Orange,8,73,4,21,1,4
Linn,Indonesia,Crimson,1,51,3,38,11,2
Misha,China,Turquoise,3,95,3,19,6,7
Gail,Indonesia,Purple,7,82,4,20,10,8
Krissie,Russia,Aquamarine,4,75,1,15,14,5
Saloma,China,Purple,8,68,2,8,1,6
Polly,Poland,Pink,2,94,5,33,8,3
Belle,Uzbekistan,Puce,7,95,1,35,4,9
Byran,Poland,Mauv,4,50,5,30,20,4
Brant,France,Goldenrod,10,72,5,16,13,7
Dode,Indonesia,Turquoise,2,53,3,6,8,8
Jorry,Croatia,Purple,3,24,1,32,15,10
Sissie,Colombia,Crimson,10,1,3,7,7,7
Astrid,Brazil,Pink,3,89,2,22,1,2
Angelita,Greenland,Yellow,7,99,5,23,20,6
Bartolomeo,Indonesia,Maroon,8,48,1,39,10,1
Foss,Japan,Blue,3,98,4,13,11,8
Ty,Indonesia,Goldenrod,2,69,2,32,18,1
Pancho,China,Yellow,5,13,1,16,9,2
Miltie,Czech Republic,Indigo,5,68,3,5,13,7
Iolanthe,Argentina,Aquamarine,7,22,4,4,15,6
Serge,Japan,Blue,3,59,4,31,6,8
Whitby,China,Green,10,32,5,14,17,5
Janette,Poland,Mauv,8,28,1,29,9,2
Malinde,Poland,Red,9,88,5,40,5,2
Samson,Pakistan,Puce,5,87,4,1,5,2
Nancie,Lithuania,Mauv,1,87,5,3,16,6
Noland,China,Green,7,26,5,33,20,10
Megen,China,Pink,5,68,1,27,13,3
Mandy,United States,Purple,7,32,5,32,11,8
Guinna,Libya,Crimson,8,10,1,30,6,1
Caesar,Cuba,Orange,4,4,4,30,3,6
Eduardo,Kazakhstan,Green,6,43,1,22,13,4
Berny,Argentina,Indigo,1,82,2,0,11,5
Elbertine,Indonesia,Maroon,7,77,4,6,13,1
Oswald,Nepal,Puce,1,1,3,3,10,10
Jesselyn,United States,Blue,1,10,2,27,17,9
Becky,Philippines,Turquoise,7,41,1,30,20,2
Base,Ghana,Indigo,3,87,4,16,12,1
Shurlock,Portugal,Violet,2,88,2,27,7,7
Wait,Kuwait,Fuscia,5,54,5,38,7,9
Ericha,Honduras,Teal,5,32,1,29,8,9
Marielle,Cuba,Mauv,2,29,1,14,2,4
Gustavus,Russia,Aquamarine,8,96,4,33,13,10
Axe,Serbia,Goldenrod,9,9,3,2,15,2
Stephi,Philippines,Crimson,7,12,5,3,16,6
Valry,Philippines,Puce,1,50,5,31,12,3
Misti,Colombia,Mauv,1,17,4,38,13,7
Harley,Indonesia,Red,4,17,1,26,13,9
Eleni,Albania,Blue,10,95,2,14,3,5
Mariel,Palestinian Territory,Violet,2,32,5,17,20,4
Leonidas,Brazil,Green,7,13,3,14,1,1
Noella,China,Violet,4,14,5,19,14,2
Feliza,Russia,Green,1,97,3,40,14,3
Harlen,Portugal,Puce,8,34,1,38,7,3
Frazier,Philippines,Violet,3,32,2,15,4,8
Davin,Indonesia,Puce,5,47,2,14,20,2
Joice,Brazil,Blue,9,69,3,29,14,2
Lanny,Russia,Fuscia,8,45,5,6,13,9
Rollie,Indonesia,Mauv,6,23,2,7,1,2
Viv,Panama,Yellow,2,45,2,33,6,5
Mozes,Kazakhstan,Mauv,3,23,3,12,4,1
Sula,China,Fuscia,8,79,3,39,10,6
Kory,China,Purple,2,34,5,30,14,8
Bowie,China,Blue,10,27,4,36,7,4
Kent,Honduras,Yellow,7,19,5,11,12,7
Hurleigh,United States,Blue,5,98,4,0,16,3
Roderick,Portugal,Violet,5,50,2,30,12,8
Lucie,China,Orange,5,7,3,3,20,5
Elton,Sweden,Puce,8,84,4,26,4,7
Marje,Mongolia,Goldenrod,9,39,5,8,16,5
Ado,El Salvador,Aquamarine,9,29,1,2,2,10
Chrissie,Indonesia,Orange,4,99,4,8,2,10
Fallon,Bosnia and Herzegovina,Turquoise,5,52,1,7,16,4
Royce,Sweden,Fuscia,10,20,3,17,9,9
Dinny,Guatemala,Mauv,7,12,5,34,3,1
Dave,Argentina,Orange,9,31,2,1,14,9
Evan,Portugal,Crimson,3,65,2,38,4,7
Sarina,Indonesia,Puce,4,46,2,25,9,6
Alli,Portugal,Goldenrod,3,17,4,1,14,3
Raddie,France,Red,8,24,5,18,3,3
Cam,Russia,Green,9,73,3,13,19,4
Mathe,China,Blue,2,37,2,30,1,1
Joice,China,Red,9,5,2,40,4,2
Isobel,Syria,Orange,5,69,1,34,6,1
Marga,Burundi,Pink,5,84,4,30,12,7
Risa,Nigeria,Crimson,6,56,2,20,18,9
Laverne,Vietnam,Purple,8,15,4,14,16,9
Rosella,Russia,Indigo,4,69,3,33,5,9
Tristan,Indonesia,Yellow,7,98,5,18,20,9
Derick,Armenia,Turquoise,9,45,1,0,8,1
Kali,China,Red,1,27,3,13,14,4
Gray,Philippines,Orange,5,5,2,17,14,5
Meryl,Thailand,Blue,2,21,2,34,4,3
Allistir,Indonesia,Blue,8,62,2,37,3,2
Audi,China,Teal,4,64,4,7,10,3
Juliann,Nicaragua,Blue,10,84,5,27,11,1
Freemon,Indonesia,Violet,7,7,3,30,10,8
Nahum,China,Goldenrod,3,4,2,20,10,4
Jodi,China,Puce,2,77,4,39,9,8
Pat,China,Puce,8,64,4,17,7,9
Nicole,Zambia,Fuscia,6,56,4,2,11,1
Kareem,Indonesia,Pink,2,23,5,9,2,3
Rodie,Philippines,Green,4,23,5,27,3,2
Ruby,Russia,Green,3,23,2,21,7,7
Tuck,Philippines,Green,2,9,3,35,16,10
Arther,Ukraine,Indigo,4,19,2,8,20,4
Hastie,Sweden,Fuscia,2,69,2,23,10,6
Mariska,China,Puce,9,74,2,28,13,9
Jenn,China,Red,9,22,3,31,13,1
Myrtle,France,Green,8,35,5,1,12,5
Wakefield,Czech Republic,Teal,9,18,4,37,8,2
Norrie,China,Yellow,2,94,5,4,10,1
Jephthah,Greece,Blue,3,3,4,10,14,10
Abbie,Poland,Crimson,1,99,3,8,8,7
Merilyn,Greece,Orange,5,93,2,18,14,2
Charil,Indonesia,Puce,3,65,4,15,8,9
Marvin,Philippines,Goldenrod,4,99,5,26,15,2
Darby,Sweden,Khaki,5,69,1,28,17,5
Vasily,China,Purple,10,81,5,1,4,4
Dosi,Sweden,Red,9,96,2,31,14,1
Maura,France,Pink,10,45,4,39,15,10
Vin,China,Maroon,8,100,4,13,17,4
Brander,Thailand,Pink,9,94,3,30,4,6
Clarke,Ukraine,Aquamarine,6,18,3,29,11,4
Merv,China,Teal,7,86,2,3,5,3
Sherrie,Mongolia,Crimson,3,26,3,17,6,1
Angelika,Kenya,Orange,2,17,3,2,16,9
Luella,China,Blue,5,35,1,18,7,1
Reine,Russia,Crimson,9,13,4,7,16,3
Dorene,France,Green,6,16,4,22,9,5
Huey,China,Khaki,6,75,5,23,8,7
Patten,Afghanistan,Fuscia,10,76,3,0,1,4
Micheal,France,Turquoise,4,100,5,29,16,3
Simona,Portugal,Crimson,1,67,5,32,19,1
Lauree,China,Purple,8,1,5,15,9,8
Niel,Portugal,Orange,3,47,2,35,7,1
Fernando,Indonesia,Khaki,9,93,5,37,14,5
Rayna,Indonesia,Pink,7,19,2,40,18,3
Jonis,Bangladesh,Fuscia,10,18,2,2,2,4
Gian,Botswana,Mauv,10,41,5,9,18,2
Kristy,China,Pink,5,61,3,8,19,1
Giff,Bosnia and Herzegovina,Teal,1,50,1,9,8,8
Alva,China,Green,6,14,1,36,7,5
Garner,Philippines,Orange,3,17,2,5,13,10
Levy,China,Turquoise,5,4,3,13,1,6
Magda,France,Mauv,9,31,2,15,3,6
Susann,Thailand,Pink,6,94,4,15,12,5
Nisse,Thailand,Maroon,1,50,3,6,12,2
Zachary,Indonesia,Yellow,3,38,5,27,1,5
Teodoor,Japan,Turquoise,8,20,2,18,15,1
Phylys,China,Teal,4,78,3,38,2,10
Scotti,Philippines,Crimson,1,58,5,35,10,8
Corette,China,Khaki,10,6,2,15,13,4
Cindi,Brazil,Yellow,3,51,4,28,10,4
Petey,Czech Republic,Pink,2,66,2,21,8,7
Emelia,France,Purple,7,16,2,34,1,4
Ole,China,Pink,9,19,1,0,3,8
Sylvester,Lithuania,Yellow,1,29,2,4,11,2
Rhys,Yemen,Blue,2,31,1,11,15,2
Rockey,China,Pink,10,34,4,10,2,3
Phyllida,China,Crimson,6,29,1,39,7,8
Barbaraanne,Canada,Pink,10,73,3,3,15,4
Hieronymus,Indonesia,Khaki,10,38,1,27,13,2
Paulo,Latvia,Purple,4,71,1,8,17,7
Nickey,Thailand,Pink,4,78,2,39,9,5
Amelina,Thailand,Crimson,6,10,5,0,8,2
Dennison,China,Turquoise,8,31,2,9,4,2
Colline,Kazakhstan,Green,8,22,5,27,12,9
Arty,Brazil,Pink,9,78,5,36,10,5
Kipp,Colombia,Khaki,6,22,1,22,2,5
Benson,Dominica,Turquoise,5,30,2,39,16,7
Daphene,Iran,Crimson,10,85,5,27,5,1
Ilka,China,Crimson,2,5,3,30,4,6
Iolande,Afghanistan,Indigo,9,34,1,30,6,5
Conan,China,Pink,4,41,5,30,19,9
Patrica,Tajikistan,Pink,1,68,2,15,4,10
Sidnee,Denmark,Puce,4,84,2,8,17,3
Oralia,Brazil,Yellow,10,36,1,20,15,6
Ebonee,Indonesia,Crimson,5,29,4,17,20,3
Johny,France,Turquoise,5,96,2,15,12,2
Ola,Czech Republic,Khaki,6,81,5,32,17,7
Kath,Iran,Aquamarine,9,47,5,16,3,10
Margot,Czech Republic,Orange,10,87,5,34,16,10
Warner,United States,Turquoise,3,7,4,9,16,6
Conroy,Democratic Republic of the Congo,Blue,4,41,4,39,14,3
Nikoletta,Nepal,Violet,10,54,3,3,10,10
Tommie,China,Yellow,6,61,1,26,4,5
Faina,Peru,Turquoise,6,37,5,11,16,4
Randy,Poland,Crimson,1,45,4,3,3,8
Claybourne,Russia,Pink,2,31,1,28,4,6
Whit,Nigeria,Turquoise,3,85,2,8,5,3
Blisse,Philippines,Aquamarine,7,32,4,11,10,9
Andonis,Russia,Mauv,9,11,3,26,3,8
Zacherie,Venezuela,Aquamarine,6,99,1,35,6,2
Virginia,China,Yellow,9,44,2,32,15,9
Zonda,Indonesia,Puce,6,43,5,17,4,7
Markus,Vietnam,Red,1,95,4,38,10,8
Haskell,China,Mauv,1,98,2,40,18,5
Annmarie,Iceland,Violet,8,90,5,22,17,6
Roarke,Brazil,Indigo,7,63,2,7,12,2
Rosabelle,China,Fuscia,7,41,1,4,1,10
Nicola,Japan,Orange,3,83,5,19,19,2
Lonny,Indonesia,Maroon,10,88,5,36,9,10
Terra,Indonesia,Teal,10,76,2,22,3,8
Dalli,Russia,Orange,9,53,4,36,15,6
Muffin,Brazil,Yellow,9,96,4,5,18,2
Dominik,China,Indigo,1,88,3,31,18,2
Lyman,China,Maroon,1,97,4,21,1,5
Dniren,Indonesia,Goldenrod,8,8,2,22,7,7
Terrill,United Kingdom,Red,4,44,4,8,19,8
Cassandra,Indonesia,Green,1,16,2,23,3,4
Rafe,Finland,Indigo,3,9,3,12,2,6
Corney,China,Puce,1,40,4,29,18,8
Abe,Syria,Aquamarine,2,92,4,36,14,9
Patty,Poland,Maroon,2,93,5,19,13,1
Matty,Malaysia,Pink,6,41,4,26,15,3
Kilian,China,Indigo,1,92,1,30,11,5
Teri,Sri Lanka,Purple,1,14,1,40,20,2
Obediah,Indonesia,Violet,5,13,1,36,11,8
Emelen,China,Crimson,4,9,1,34,1,2
Maurie,North Korea,Pink,5,94,4,18,3,2
Kellby,Czech Republic,Puce,6,73,3,11,2,5
Rustin,Kazakhstan,Pink,2,80,1,17,16,9
Alene,Latvia,Pink,4,63,5,28,2,3
La verne,China,Crimson,7,47,3,4,14,3
Petronia,Vietnam,Orange,6,20,4,30,17,2
Deb,Brazil,Yellow,4,89,5,28,11,9
Christiano,Indonesia,Goldenrod,7,68,4,7,1,1
Celina,China,Yellow,2,84,3,40,10,10
Hunter,Russia,Aquamarine,2,82,2,25,5,6
Elaina,Chile,Blue,8,61,4,9,6,1
Consalve,Japan,Purple,5,94,3,34,11,10
Una,United States,Turquoise,8,17,3,37,11,10
Gabbey,China,Orange,8,28,3,10,15,7
Nil,Ecuador,Goldenrod,6,58,4,26,17,3
Cyrille,China,Mauv,1,2,4,13,13,9
Emmeline,Indonesia,Teal,4,100,2,24,15,7
Kerby,Brazil,Orange,10,56,2,40,11,6
Nicolette,Ethiopia,Goldenrod,1,98,5,10,8,1
Peder,China,Orange,9,65,3,1,8,9
Sidoney,Philippines,Goldenrod,10,58,5,9,3,10
Jude,China,Fuscia,3,55,1,40,11,5
Eustacia,China,Maroon,10,17,4,0,5,5
Olivette,Brazil,Yellow,7,41,5,24,10,9
Melantha,Brazil,Blue,7,79,5,27,1,1
Benoite,Estonia,Crimson,8,60,3,23,16,2
Jerald,Indonesia,Fuscia,7,17,1,40,1,5
Molly,Colombia,Crimson,4,15,2,8,16,8
Betta,Indonesia,Turquoise,3,58,2,13,17,8
Melessa,Mali,Blue,5,17,3,17,19,4
Mart,Indonesia,Green,8,73,4,35,5,10
Thurston,Thailand,Blue,4,10,1,29,9,10
Nevsa,Italy,Blue,5,62,5,4,6,5
Giorgia,China,Pink,2,42,1,2,18,3
Kissee,Finland,Fuscia,9,48,4,37,5,1
Livvy,Brazil,Turquoise,10,80,3,29,11,4
Clio,China,Pink,3,4,4,18,11,4
Katerina,Costa Rica,Red,6,68,5,13,10,7
Nonah,Sweden,Violet,2,60,2,26,17,3
Siward,Russia,Fuscia,5,44,5,39,1,4
Freddy,Russia,Blue,10,84,2,12,13,4
Donnie,China,Green,10,74,2,3,6,6
Winonah,China,Red,3,27,2,40,2,3
Flo,Zimbabwe,Red,9,13,1,0,12,3
Cary,Poland,Violet,6,98,2,30,17,1
Emilee,Norway,Puce,7,22,5,9,12,8
Cynthea,Indonesia,Turquoise,9,65,2,34,11,3
Leone,China,Pink,9,89,1,29,3,5
Calvin,Philippines,Turquoise,2,22,5,33,11,2
Raf,Yemen,Violet,2,74,5,35,2,8
Carry,Ireland,Mauv,10,84,4,33,19,4
Salli,Indonesia,Khaki,9,24,2,39,1,4
Meredith,Syria,Fuscia,9,77,4,11,12,7
Marilyn,China,Orange,4,60,2,26,11,10
Kevina,China,Maroon,10,5,2,2,5,5
Margaret,France,Violet,6,39,5,2,6,6
Donnajean,Brazil,Turquoise,9,77,1,15,15,4
Hermy,Czech Republic,Indigo,1,23,1,8,18,6
Ilise,Indonesia,Khaki,9,75,1,22,9,2
Beverlie,Portugal,Yellow,7,80,2,2,20,8
Natty,Nigeria,Khaki,3,14,2,16,10,2
Abram,Philippines,Teal,6,10,5,32,11,5
Pierrette,Indonesia,Yellow,4,92,1,32,12,1
Lucretia,Guatemala,Aquamarine,6,96,5,18,18,6
Cole,Philippines,Maroon,4,97,3,18,16,8
Johanna,Philippines,Fuscia,10,61,2,2,7,5
Frances,Peru,Pink,5,51,1,10,6,7
Oralla,Portugal,Pink,1,23,1,5,19,3
Bobbe,Brazil,Yellow,3,23,1,38,17,10
Brendin,Sweden,Crimson,5,95,5,0,7,3
Albrecht,Portugal,Teal,8,7,5,29,16,8
Jeannette,Czech Republic,Teal,8,96,3,2,14,4
Jacquetta,Indonesia,Turquoise,7,23,5,7,15,4
Ettore,China,Maroon,3,48,2,18,15,6
Xavier,Mauritius,Violet,5,47,3,15,2,7
Abbie,China,Pink,6,42,2,39,19,3
Jelene,Russia,Red,9,40,4,32,14,1
Renae,China,Yellow,6,75,2,10,9,9
Winnie,Brazil,Khaki,7,100,2,29,17,10
Chuck,Portugal,Orange,10,59,3,9,20,3
Maxie,Russia,Mauv,3,52,2,0,3,4
Zachariah,Sweden,Green,10,27,2,6,4,8
Ethelbert,Indonesia,Mauv,1,88,1,29,2,4
Wiley,Egypt,Turquoise,5,29,2,11,8,9
Ninnetta,Brazil,Aquamarine,1,79,4,18,1,10
Vanda,Uganda,Maroon,3,23,3,20,15,7
Curran,Afghanistan,Goldenrod,3,1,1,31,4,5
Felice,China,Red,7,49,3,7,9,7
Sloan,China,Aquamarine,4,90,2,32,15,9
Illa,Indonesia,Teal,3,79,2,25,6,10
Kristy,Colombia,Fuscia,2,95,3,35,20,3
Pincas,Greece,Puce,8,17,3,26,9,2
Aurelea,Russia,Violet,1,81,2,39,8,3
Glenn,China,Indigo,2,59,5,5,2,2
Werner,China,Khaki,4,12,2,4,13,5
Manya,China,Violet,8,83,2,11,16,4
Vilhelmina,China,Violet,4,64,1,4,3,1
Kayley,Iran,Purple,2,68,1,26,18,5
Miguelita,China,Teal,6,31,5,27,4,3
Phillis,China,Maroon,1,28,4,1,2,4
Homerus,Sweden,Turquoise,5,80,5,40,1,2
Candide,Canada,Aquamarine,7,98,3,30,15,4
Corine,Peru,Puce,6,36,4,7,6,10
Ranee,Indonesia,Pink,5,36,4,24,6,4
Normand,China,Teal,1,82,2,36,12,10
Sidonia,Armenia,Crimson,8,77,4,28,8,4
Burr,Malta,Goldenrod,5,77,1,37,11,8
Tiffani,China,Aquamarine,2,94,5,1,7,7
Gerry,Thailand,Crimson,5,88,4,25,1,2
Hyacinthie,Colombia,Puce,2,59,5,28,20,7
Rorie,Haiti,Indigo,3,62,1,33,14,5
Goober,Indonesia,Khaki,2,85,1,26,14,8
Wilona,Russia,Blue,8,24,1,36,5,9
Ruby,Sweden,Goldenrod,9,10,1,8,15,3
Lavinie,Belarus,Purple,6,9,1,37,9,10
Michel,Botswana,Red,4,91,2,23,12,3
Torrey,North Korea,Red,6,33,2,10,13,3
Thedrick,Ukraine,Crimson,5,97,3,17,15,4
Andie,China,Yellow,8,3,4,35,2,4
Ariel,Indonesia,Mauv,7,73,1,16,9,4
Bibi,Argentina,Green,2,2,4,8,20,9
Arnuad,Japan,Crimson,8,10,2,20,20,6
Melvyn,Philippines,Crimson,4,74,1,36,12,5
Welby,Canada,Khaki,9,46,3,10,19,9
Aluino,Russia,Fuscia,1,28,5,4,20,7
Christophorus,Bangladesh,Maroon,8,76,1,34,15,9
Jack,Panama,Teal,3,6,1,22,15,2
Lazaro,Poland,Orange,9,7,4,6,2,9
Jilli,Philippines,Aquamarine,2,29,1,4,13,8
Reagen,France,Indigo,1,68,4,7,3,4
Pietrek,China,Fuscia,2,78,1,12,13,5
Alaric,Peru,Maroon,10,25,1,40,20,9
Lynn,France,Purple,9,80,4,12,1,4
Palmer,Bulgaria,Orange,10,87,1,13,20,7
Pavla,Malaysia,Violet,9,36,4,13,8,7
Doe,Macedonia,Teal,8,83,2,36,19,5
Batholomew,Russia,Mauv,6,13,4,5,17,1
Andrea,Nigeria,Teal,1,50,1,17,14,1
Ilka,Mexico,Red,2,54,4,1,4,3
Eva,China,Violet,10,40,5,35,8,5
Bradford,Russia,Mauv,3,33,4,15,16,10
Zechariah,Indonesia,Yellow,5,76,2,9,5,4
Stephanie,Bahamas,Purple,1,46,2,33,10,9
Brendin,Honduras,Violet,2,8,2,12,10,3
Alanson,China,Fuscia,3,4,2,15,2,10
Fedora,Poland,Red,7,31,5,18,19,5
Ruthanne,Brazil,Blue,7,41,3,22,8,1
Issiah,Peru,Aquamarine,2,38,1,37,9,4
Joshua,China,Aquamarine,6,51,5,24,1,1
Lexis,Poland,Fuscia,9,31,4,10,10,10
Yehudit,China,Goldenrod,2,67,2,4,5,2
See,Indonesia,Red,3,99,5,1,5,10
Bobbette,Iran,Khaki,4,30,5,33,2,4
Deva,Portugal,Goldenrod,9,98,1,11,12,3
Joaquin,Philippines,Mauv,9,86,3,6,7,9
Leeann,Portugal,Orange,9,6,5,6,8,3
Cyndia,Cambodia,Teal,10,84,1,36,7,2
Clare,France,Puce,2,49,2,9,2,4
Annaliese,United States,Red,9,73,2,3,7,6
Annecorinne,Indonesia,Green,2,23,3,14,10,10
Bertie,Mexico,Red,10,73,2,5,7,4
Zonda,Russia,Orange,10,3,5,38,8,1
Cristine,Russia,Turquoise,6,68,3,21,7,3
Si,Cuba,Blue,4,47,1,26,2,9
Storm,China,Green,9,21,4,27,11,1
Aridatha,France,Puce,8,53,5,21,15,2
Gui,Sweden,Pink,10,21,5,22,4,7
Codie,Russia,Mauv,4,93,1,19,17,6
Leena,Argentina,Indigo,1,20,4,14,5,3
Tedmund,South Korea,Indigo,6,19,5,17,6,2
Lezlie,Indonesia,Yellow,6,6,2,38,13,2
Venus,China,Red,6,91,4,11,8,9
Allie,Philippines,Pink,4,70,5,22,10,4
Harri,Philippines,Red,2,8,4,36,6,7
Cloe,France,Orange,6,73,1,35,4,9
Mella,Indonesia,Green,6,29,2,10,7,5
Erik,Thailand,Aquamarine,1,79,2,35,15,4
Clea,Colombia,Green,6,35,3,38,3,2
Anson,Morocco,Purple,5,23,5,39,14,1
Harriot,China,Teal,9,5,4,22,18,8
Carmela,Portugal,Maroon,3,90,1,18,3,3
Jemie,Poland,Green,10,27,4,5,10,5
Raf,Nepal,Fuscia,10,44,3,17,3,2
Liane,Spain,Blue,3,56,4,33,7,1
Glenn,Brazil,Purple,3,58,2,19,14,1
Electra,Indonesia,Red,4,38,3,12,6,6
Christan,Lithuania,Blue,7,50,1,24,6,6
Alessandra,Sri Lanka,Maroon,1,83,3,11,1,1
Annice,Poland,Crimson,4,80,1,28,20,9
Rickard,Indonesia,Maroon,6,88,4,12,9,8
Dannye,Palestinian Territory,Purple,4,90,2,38,17,8
Curtice,Haiti,Mauv,4,65,2,16,20,1
Gratiana,Switzerland,Indigo,4,86,1,27,11,3
Brent,Portugal,Green,2,85,3,35,1,9
Wells,Canada,Orange,4,5,4,30,14,4
Guendolen,France,Purple,5,74,4,28,8,1
Darwin,Argentina,Orange,5,58,1,18,13,5
Esme,China,Violet,8,67,2,4,20,10
Hammad,China,Puce,10,78,2,26,18,10
Tobiah,Sri Lanka,Yellow,10,1,1,33,13,4
Dorri,Netherlands,Pink,9,43,2,22,13,3
Hillery,Panama,Aquamarine,10,48,4,4,19,1
Lilly,Colombia,Green,2,17,4,0,13,10
Cherianne,Kazakhstan,Turquoise,3,85,1,35,1,3
Brnaba,Colombia,Mauv,9,12,5,27,9,2
Thurstan,Russia,Green,6,27,4,9,15,4
Earvin,Belarus,Khaki,3,30,2,16,14,10
Kanya,Pakistan,Goldenrod,5,51,2,4,6,8
Leah,Philippines,Aquamarine,10,89,1,37,12,2
Larissa,Poland,Puce,1,65,4,25,10,1
Gerrilee,Germany,Crimson,5,24,4,24,10,1
Sidonia,China,Mauv,4,7,5,18,13,7
Ingaberg,Indonesia,Mauv,7,72,3,22,20,4
Damaris,Honduras,Yellow,8,5,1,37,19,10
Amara,China,Goldenrod,2,34,3,31,10,4
Clarance,Greece,Fuscia,2,90,5,27,19,3
Marita,Indonesia,Violet,10,75,3,40,10,5
Tiffie,Indonesia,Crimson,6,86,2,35,9,5
Christophorus,United States,Yellow,5,61,1,39,15,10
Chico,Cameroon,Pink,2,58,5,18,4,7
Alexandro,China,Puce,2,14,5,2,2,7
Rey,Brazil,Turquoise,6,33,5,12,2,6
Clio,Philippines,Goldenrod,7,69,3,25,14,8
Bartholomeus,Russia,Fuscia,10,98,1,20,12,10
Hetti,Albania,Yellow,4,46,4,9,2,1
Marissa,Germany,Khaki,6,21,2,2,6,3
Clarence,Russia,Maroon,3,10,1,38,17,8
Leanna,Slovenia,Blue,4,40,4,32,12,9
Lidia,Ivory Coast,Maroon,10,41,3,21,2,6
Alvin,China,Red,3,89,1,37,11,7
Taddeusz,China,Green,7,23,5,20,12,4
Rob,Indonesia,Yellow,1,72,1,23,9,1
Arabel,Indonesia,Fuscia,1,88,1,37,15,8
Odelle,China,Aquamarine,5,45,1,40,17,3
Gertrudis,China,Indigo,1,5,2,35,19,9
Olympe,Peru,Pink,7,23,4,27,16,5
Ive,China,Indigo,4,8,4,22,7,2
Dolley,Kazakhstan,Violet,7,34,4,15,4,3
Meyer,China,Violet,3,88,2,16,8,2
Colas,China,Mauv,2,47,4,21,11,2
Cele,Russia,Teal,9,90,5,4,9,9
Martelle,Ukraine,Maroon,10,46,5,25,12,4
Benita,China,Goldenrod,3,6,4,21,12,6
Carri,China,Puce,5,78,4,34,18,7
Gratiana,China,Violet,2,72,4,22,20,1
Marshal,China,Fuscia,2,4,2,4,14,7
Nathalia,Ireland,Goldenrod,10,61,3,20,17,8
Chev,Iran,Purple,6,85,3,8,20,10
Brenden,United States,Green,10,100,5,13,11,5
Harp,Indonesia,Crimson,8,88,3,21,20,9
Brandais,China,Turquoise,7,34,3,37,4,2
Karia,United States,Red,8,15,2,25,19,1
Ferdinande,China,Aquamarine,1,5,4,31,19,4
Fred,Indonesia,Turquoise,10,1,5,10,17,8
Dorella,Indonesia,Maroon,7,21,1,16,5,5
Kristi,Mali,Indigo,6,100,1,17,17,5
Sol,Portugal,Red,5,52,4,2,20,1
Francoise,Croatia,Pink,4,20,1,38,12,10
Suzanne,Ecuador,Green,5,32,5,12,11,7
Sammy,Philippines,Green,4,5,4,31,18,8
Quent,Canada,Maroon,5,81,2,5,13,10
Ingaborg,Poland,Khaki,8,14,4,8,13,2
Jolee,Thailand,Puce,7,2,5,27,19,7
Berny,Syria,Crimson,7,60,1,19,1,9
Corri,Thailand,Crimson,1,28,3,0,1,3
Augustine,China,Turquoise,4,59,5,36,20,5
Natassia,Greece,Crimson,5,79,5,33,19,4
Lyndsey,United States,Puce,7,44,1,28,9,6
Kassi,China,Mauv,3,67,2,15,15,5
Tricia,Russia,Fuscia,4,70,1,12,14,8
Tracee,Indonesia,Mauv,1,71,5,0,2,5
Edeline,Syria,Turquoise,3,55,5,18,13,7
Erastus,China,Mauv,3,71,3,25,8,8
Reinold,Indonesia,Indigo,2,98,3,32,18,9
Roxie,Thailand,Khaki,2,72,3,32,3,5
Thibaud,Argentina,Yellow,7,37,4,14,6,1
Jourdain,Peru,Fuscia,4,86,2,13,14,4
Simmonds,Indonesia,Aquamarine,6,59,3,4,9,8
Siusan,Luxembourg,Puce,3,95,2,36,13,6
Sheba,China,Khaki,10,8,4,30,13,8
Cyndia,Thailand,Khaki,2,72,1,5,2,2
Saleem,Honduras,Green,8,81,3,27,6,1
Nariko,Peru,Yellow,10,54,3,18,7,1
Hilliard,Philippines,Green,5,95,5,22,6,8
Abeu,Ukraine,Fuscia,10,5,2,29,5,7
Charmain,Morocco,Aquamarine,7,70,5,39,8,10
Eben,Russia,Turquoise,6,85,3,23,19,2
Alis,China,Purple,1,74,4,0,19,7
Jemima,Indonesia,Mauv,6,98,5,33,11,10
Regine,Egypt,Orange,8,45,2,4,11,4
Callean,Hong Kong,Pink,3,70,1,9,18,5
Rickie,Liberia,Mauv,8,77,2,1,5,2
Abigail,Brazil,Red,8,94,4,39,11,5
Der,New Zealand,Maroon,4,78,5,19,2,6
Isaac,Russia,Pink,2,39,1,29,3,10
Davy,Chile,Khaki,4,33,4,33,3,9
Kimberly,Philippines,Indigo,1,69,5,18,14,7
Ysabel,Russia,Fuscia,8,52,4,25,10,5
Calhoun,Azerbaijan,Orange,10,29,2,34,10,3
Carry,Philippines,Turquoise,8,70,4,27,7,7
Susana,Estonia,Violet,2,63,1,9,8,5
Korrie,Ukraine,Pink,9,77,1,13,2,9
Janel,Poland,Purple,4,60,2,17,15,6
Jordon,Indonesia,Turquoise,6,76,4,26,10,10
Eunice,Indonesia,Turquoise,10,12,5,7,12,3
Crissy,Japan,Yellow,3,2,5,40,19,3
Brunhilde,Japan,Blue,9,87,2,31,9,6
